{"cameraMode":{"drawMode":0,"name":"Shaded","section":"Shading Mode"},"sceneLighting":true,"audioPlay":false,"sceneViewState":{"showFog":true,"showMaterialUpdate":false,"showSkybox":false,"showFlares":true,"showImageEffects":true,"showParticleSystems":true},"in2DMode":false,"pivot":{"x":-8.426971435546875,"y":34.38603973388672,"z":3.40673828125},"rotation":{"x":0.03489399328827858,"y":-0.4598190486431122,"z":0.018080882728099824,"w":0.8871477842330933},"size":173.58917236328126,"orthographic":false}